range,HUMBLESWAP_ALGOUSDC,pool_size_X,pool_size_Y,range,HUMBLESWAP_ALGOgoUSD,pool_size_X,pool_size_Y,range,PACT_ALGOUSDC,pool_size_X,pool_size_Y,range,PACT_ALGOUSDT,pool_size_X,pool_size_Y,range,TINYMAN_ALGOUSDC,pool_size_X,pool_size_Y,range,TINYMAN_ALGOUSDT,pool_size_X,pool_size_Y
26291897,0.2372493639292477,3149877148041,747306349828,26291897,0.23720076418602895,223981617451,53128610823,26291897,0.2367319032939304,1779520727939,421269328876,26291897,0.22993773977877519,19252903,4426969,26291897,0.23672917633807464,1526835434479,361446494808,26291897,0.24170524431256019,44232260518,10691169335
26291898,0.2372493639292477,3149877148041,747306349828,26291898,0.23720076418602895,223981617451,53128610823,26291898,0.2367319032939304,1779520727939,421269328876,26291898,0.22993773977877519,19252903,4426969,26291898,0.23672917633807464,1526835434479,361446494808,26291898,0.24170524431256019,44232260518,10691169335
26291899,0.2372493639292477,3149877148041,747306349828,26291899,0.23720076418602895,223981617451,53128610823,26291899,0.2367319032939304,1779520727939,421269328876,26291899,0.22993773977877519,19252903,4426969,26291899,0.23672917633807464,1526835434479,361446494808,26291899,0.24170524431256019,44232260518,10691169335
26291901,0.2372493639292477,3149877148041,747306349828,26291901,0.23720076418602895,223981617451,53128610823,26291901,0.2367319032939304,1779520727939,421269328876,26291901,0.22993773977877519,19252903,4426969,26291901,0.23672917633807464,1526835434479,361446494808,26291901,0.24170524431256019,44232260518,10691169335
26291902,0.2372493639292477,3149877148041,747306349828,26291902,0.23720076418602895,223981617451,53128610823,26291902,0.2367319032939304,1779520727939,421269328876,26291902,0.22993773977877519,19252903,4426969,26291902,0.23672917633807464,1526835434479,361446494808,26291902,0.24170524431256019,44232260518,10691169335
26291903,0.2372493639292477,3149877148041,747306349828,26291903,0.23720076418602895,223981617451,53128610823,26291903,0.2367319032939304,1779520727939,421269328876,26291903,0.22993773977877519,19252903,4426969,26291903,0.23672917633807464,1526835434479,361446494808,26291903,0.24170524431256019,44232260518,10691169335
26291904,0.2372493639292477,3149877148041,747306349828,26291904,0.23720076418602895,223981617451,53128610823,26291904,0.2367319032939304,1779520727939,421269328876,26291904,0.22993773977877519,19252903,4426969,26291904,0.23672917633807464,1526835434479,361446494808,26291904,0.24170524431256019,44232260518,10691169335
26291905,0.2372493639292477,3149877148041,747306349828,26291905,0.23720076418602895,223981617451,53128610823,26291905,0.2367319032939304,1779520727939,421269328876,26291905,0.22993773977877519,19252903,4426969,26291905,0.23672917633807464,1526835434479,361446494808,26291905,0.24170524431256019,44232260518,10691169335
26291906,0.2372493639292477,3149877148041,747306349828,26291906,0.23720076418602895,223981617451,53128610823,26291906,0.2367319032939304,1779520727939,421269328876,26291906,0.22993773977877519,19252903,4426969,26291906,0.23672917633807464,1526835434479,361446494808,26291906,0.24170524431256019,44232260518,10691169335
26291907,0.2372493639292477,3149877148041,747306349828,26291907,0.23720076418602895,223981617451,53128610823,26291907,0.2367319032939304,1779520727939,421269328876,26291907,0.22993773977877519,19252903,4426969,26291907,0.23672917633807464,1526835434479,361446494808,26291907,0.24170524431256019,44232260518,10691169335
26291908,0.2372493639292477,3149877148041,747306349828,26291908,0.23720076418602895,223981617451,53128610823,26291908,0.2367319032939304,1779520727939,421269328876,26291908,0.22993773977877519,19252903,4426969,26291908,0.23672917633807464,1526835434479,361446494808,26291908,0.24170524431256019,44232260518,10691169335
26291909,0.2372493639292477,3149877148041,747306349828,26291909,0.23720076418602895,223981617451,53128610823,26291909,0.2367319032939304,1779520727939,421269328876,26291909,0.22993773977877519,19252903,4426969,26291909,0.23672917633807464,1526835434479,361446494808,26291909,0.24170524431256019,44232260518,10691169335
26291910,0.2372493639292477,3149877148041,747306349828,26291910,0.23720076418602895,223981617451,53128610823,26291910,0.2367319032939304,1779520727939,421269328876,26291910,0.22993773977877519,19252903,4426969,26291910,0.23672917633807464,1526835434479,361446494808,26291910,0.24170524431256019,44232260518,10691169335
26291911,0.2372493639292477,3149877148041,747306349828,26291911,0.23720076418602895,223981617451,53128610823,26291911,0.2367319032939304,1779520727939,421269328876,26291911,0.22993773977877519,19252903,4426969,26291911,0.23672917633807464,1526835434479,361446494808,26291911,0.24170524431256019,44232260518,10691169335
26291912,0.2372493639292477,3149877148041,747306349828,26291912,0.23720076418602895,223981617451,53128610823,26291912,0.2367319032939304,1779520727939,421269328876,26291912,0.22993773977877519,19252903,4426969,26291912,0.23672917633807464,1526835434479,361446494808,26291912,0.24170524431256019,44232260518,10691169335
26291913,0.2372493639292477,3149877148041,747306349828,26291913,0.23720076418602895,223981617451,53128610823,26291913,0.2367319032939304,1779520727939,421269328876,26291913,0.22993773977877519,19252903,4426969,26291913,0.23672917633807464,1526835434479,361446494808,26291913,0.24170524431256019,44232260518,10691169335
26291914,0.2372493639292477,3149877148041,747306349828,26291914,0.23720076418602895,223981617451,53128610823,26291914,0.2367319032939304,1779520727939,421269328876,26291914,0.22993773977877519,19252903,4426969,26291914,0.23672917633807464,1526835434479,361446494808,26291914,0.24170524431256019,44232260518,10691169335
26291916,0.2372493639292477,3149877148041,747306349828,26291916,0.23720076418602895,223981617451,53128610823,26291916,0.2367319032939304,1779520727939,421269328876,26291916,0.22993773977877519,19252903,4426969,26291916,0.23672917633807464,1526835434479,361446494808,26291916,0.24170524431256019,44232260518,10691169335
26291917,0.2372493639292477,3149877148041,747306349828,26291917,0.23720076418602895,223981617451,53128610823,26291917,0.2367319032939304,1779520727939,421269328876,26291917,0.22993773977877519,19252903,4426969,26291917,0.23672917633807464,1526835434479,361446494808,26291917,0.24170524431256019,44232260518,10691169335
26291918,0.2372493639292477,3149877148041,747306349828,26291918,0.23720076418602895,223981617451,53128610823,26291918,0.2367319032939304,1779520727939,421269328876,26291918,0.22993773977877519,19252903,4426969,26291918,0.23672917633807464,1526835434479,361446494808,26291918,0.24170524431256019,44232260518,10691169335
26291920,0.2372493639292477,3149877148041,747306349828,26291920,0.23720076418602895,223981617451,53128610823,26291920,0.2367319032939304,1779520727939,421269328876,26291920,0.22993773977877519,19252903,4426969,26291920,0.23672917633807464,1526835434479,361446494808,26291920,0.24170524431256019,44232260518,10691169335
26291922,0.2372493639292477,3149877148041,747306349828,26291922,0.23720076418602895,223981617451,53128610823,26291922,0.2367319032939304,1779520727939,421269328876,26291922,0.22993773977877519,19252903,4426969,26291922,0.23672917633807464,1526835434479,361446494808,26291922,0.24170524431256019,44232260518,10691169335
26291923,0.2372493639292477,3149877148041,747306349828,26291923,0.23720076418602895,223981617451,53128610823,26291923,0.2367319032939304,1779520727939,421269328876,26291923,0.22993773977877519,19252903,4426969,26291923,0.23672917633807464,1526835434479,361446494808,26291923,0.24170524431256019,44232260518,10691169335
26291924,0.2372493639292477,3149877148041,747306349828,26291924,0.23720076418602895,223981617451,53128610823,26291924,0.2367319032939304,1779520727939,421269328876,26291924,0.22993773977877519,19252903,4426969,26291924,0.23672917633807464,1526835434479,361446494808,26291924,0.24170524431256019,44232260518,10691169335
26291925,0.2372493639292477,3149877148041,747306349828,26291925,0.23720076418602895,223981617451,53128610823,26291925,0.2367319032939304,1779520727939,421269328876,26291925,0.22993773977877519,19252903,4426969,26291925,0.23672485210125715,1526835434479,361439892410,26291925,0.24170524431256019,44232260518,10691169335
26291926,0.2372493639292477,3149877148041,747306349828,26291926,0.23720076418602895,223981617451,53128610823,26291926,0.2367319032939304,1779520727939,421269328876,26291926,0.22993773977877519,19252903,4426969,26291926,0.23672485210125715,1526835434479,361439892410,26291926,0.24170524431256019,44232260518,10691169335
26291927,0.2372493639292477,3149877148041,747306349828,26291927,0.23720076418602895,223981617451,53128610823,26291927,0.2367319032939304,1779520727939,421269328876,26291927,0.22993773977877519,19252903,4426969,26291927,0.23672485210125715,1526835434479,361439892410,26291927,0.24170524431256019,44232260518,10691169335
26291928,0.2372493639292477,3149877148041,747306349828,26291928,0.23720076418602895,223981617451,53128610823,26291928,0.2367319032939304,1779520727939,421269328876,26291928,0.22993773977877519,19252903,4426969,26291928,0.23672485210125715,1526835434479,361439892410,26291928,0.24170524431256019,44232260518,10691169335
26291929,0.2372493639292477,3149877148041,747306349828,26291929,0.23720076418602895,223981617451,53128610823,26291929,0.2367319032939304,1779520727939,421269328876,26291929,0.22993773977877519,19252903,4426969,26291929,0.23672485210125715,1526835434479,361439892410,26291929,0.24170524431256019,44232260518,10691169335
26291930,0.2372493639292477,3149877148041,747306349828,26291930,0.23720076418602895,223981617451,53128610823,26291930,0.2367319032939304,1779520727939,421269328876,26291930,0.22993773977877519,19252903,4426969,26291930,0.23672485210125715,1526835434479,361439892410,26291930,0.24170524431256019,44232260518,10691169335
26291931,0.2372493639292477,3149877148041,747306349828,26291931,0.23720076418602895,223981617451,53128610823,26291931,0.2367319032939304,1779520727939,421269328876,26291931,0.22993773977877519,19252903,4426969,26291931,0.23695781327043136,1526085434479,361617867418,26291931,0.24170524431256019,44232260518,10691169335
26291932,0.2372493639292477,3149877148041,747306349828,26291932,0.23720076418602895,223981617451,53128610823,26291932,0.2367319032939304,1779520727939,421269328876,26291932,0.22993773977877519,19252903,4426969,26291932,0.23695781327043136,1526085434479,361617867418,26291932,0.24170524431256019,44232260518,10691169335
26291933,0.23732473602619547,3149377148042,747425100306,26291933,0.23720076418602895,223981617451,53128610823,26291933,0.2368653789775125,1779020044297,421388257001,26291933,0.22993773977877519,19252903,4426969,26291933,0.23698416211422674,1526000153241,361637867702,26291933,0.24170524431256019,44232260518,10691169335
26291934,0.23732473602619547,3149377148042,747425100306,26291934,0.23720076418602895,223981617451,53128610823,26291934,0.2368653789775125,1779020044297,421388257001,26291934,0.22993773977877519,19252903,4426969,26291934,0.2370625438333119,1525748700357,361697868157,26291934,0.24170524431256019,44232260518,10691169335
26291936,0.23740014415610972,3148877148046,747543888876,26291936,0.23720076418602895,223981617451,53128610823,26291936,0.2368653789775125,1779020044297,421388257001,26291936,0.22993773977877519,19252903,4426969,26291936,0.23708874080835451,1525664471053,361717868338,26291936,0.24170524431256019,44232260518,10691169335
26291937,0.23748826362498235,3148293167138,747682677646,26291937,0.23720076418602895,223981617451,53128610823,26291937,0.23699900466731336,1778519221495,421507285276,26291937,0.22993773977877519,19252903,4426969,26291937,0.23732225657079792,1524914471054,361896143348,26291937,0.24170524431256019,44232260518,10691169335
26291938,0.23748826362498235,3148293167138,747682677646,26291938,0.23720076418602895,223981617451,53128610823,26291938,0.23699900466731336,1778519221495,421507285276,26291938,0.22993773977877519,19252903,4426969,26291938,0.23732225657079792,1524914471054,361896143348,26291938,0.24170524431256019,44232260518,10691169335
26291940,0.23748826362498235,3148293167138,747682677646,26291940,0.23720076418602895,223981617451,53128610823,26291940,0.23699900466731336,1778519221495,421507285276,26291940,0.22993773977877519,19252903,4426969,26291940,0.23732225657079792,1524914471054,361896143348,26291940,0.24170524431256019,44232260518,10691169335
26291941,0.23748826362498235,3148293167138,747682677646,26291941,0.23720076418602895,223981617451,53128610823,26291941,0.23699900466731336,1778519221495,421507285276,26291941,0.22993773977877519,19252903,4426969,26291941,0.23732225657079792,1524914471054,361896143348,26291941,0.24170524431256019,44232260518,10691169335
26291942,0.23748826362498235,3148293167138,747682677646,26291942,0.23720076418602895,223981617451,53128610823,26291942,0.2370222963337941,1778431968735,421528029103,26291942,0.22993773977877519,19252903,4426969,26291942,0.23732225657079792,1524914471054,361896143348,26291942,0.24170524431256019,44232260518,10691169335
26291943,0.23748826362498235,3148293167138,747682677646,26291943,0.23720076418602895,223981617451,53128610823,26291943,0.2370222963337941,1778431968735,421528029103,26291943,0.22993773977877519,19252903,4426969,26291943,0.23732225657079792,1524914471054,361896143348,26291943,0.24170524431256019,44232260518,10691169335
26291944,0.23748826362498235,3148293167138,747682677646,26291944,0.23720076418602895,223981617451,53128610823,26291944,0.2370222963337941,1778431968735,421528029103,26291944,0.22993773977877519,19252903,4426969,26291944,0.23732225657079792,1524914471054,361896143348,26291944,0.24170524431256019,44232260518,10691169335
26291945,0.23748826362498235,3148293167138,747682677646,26291945,0.23720076418602895,223981617451,53128610823,26291945,0.2370222963337941,1778431968735,421528029103,26291945,0.22993773977877519,19252903,4426969,26291945,0.23732225657079792,1524914471054,361896143348,26291945,0.24170524431256019,44232260518,10691169335
26291946,0.23748826362498235,3148293167138,747682677646,26291946,0.23720076418602895,223981617451,53128610823,26291946,0.2370222963337941,1778431968735,421528029103,26291946,0.22993773977877519,19252903,4426969,26291946,0.23732225657079792,1524914471054,361896143348,26291946,0.24170524431256019,44232260518,10691169335
26291948,0.23748826362498235,3148293167138,747682677646,26291948,0.23720076418602895,223981617451,53128610823,26291948,0.2370222963337941,1778431968735,421528029103,26291948,0.22993773977877519,19252903,4426969,26291948,0.23732225657079792,1524914471054,361896143348,26291948,0.24170524431256019,44232260518,10691169335
26291949,0.23748826362498235,3148293167138,747682677646,26291949,0.23720076418602895,223981617451,53128610823,26291949,0.2370222963337941,1778431968735,421528029103,26291949,0.22993773977877519,19252903,4426969,26291949,0.2373486458589306,1524829190132,361916143444,26291949,0.24170524431256019,44232260518,10691169335
26291951,0.23748826362498235,3148293167138,747682677646,26291951,0.23720076418602895,223981617451,53128610823,26291951,0.2370222963337941,1778431968735,421528029103,26291951,0.22993773977877519,19252903,4426969,26291951,0.2373486458589306,1524829190132,361916143444,26291951,0.24170524431256019,44232260518,10691169335
26291952,0.23756209001581582,3147804159524,747798935097,26291952,0.23720076418602895,223981617451,53128610823,26291952,0.23715602244416017,1777931266967,421647107453,26291952,0.22993773977877519,19252903,4426969,26291952,0.2373486458589306,1524829190132,361916143444,26291952,0.24170524431256019,44232260518,10691169335
26291953,0.23756209001581582,3147804159524,747798935097,26291953,0.23720076418602895,223981617451,53128610823,26291953,0.23715602244416017,1777931266967,421647107453,26291953,0.22993773977877519,19252903,4426969,26291953,0.2373486458589306,1524829190132,361916143444,26291953,0.24170524431256019,44232260518,10691169335
26291954,0.23756209001581582,3147804159524,747798935097,26291954,0.23720076418602895,223981617451,53128610823,26291954,0.23715602244416017,1777931266967,421647107453,26291954,0.22993773977877519,19252903,4426969,26291954,0.2373486458589306,1524829190132,361916143444,26291954,0.24170524431256019,44232260518,10691169335
26291955,0.23756209001581582,3147804159524,747798935097,26291955,0.23720076418602895,223981617451,53128610823,26291955,0.23715602244416017,1777931266967,421647107453,26291955,0.22993773977877519,19252903,4426969,26291955,0.2373486458589306,1524829190132,361916143444,26291955,0.24170524431256019,44232260518,10691169335
26291956,0.23756209001581582,3147804159524,747798935097,26291956,0.23720076418602895,223981617451,53128610823,26291956,0.23715602244416017,1777931266967,421647107453,26291956,0.22993773977877519,19252903,4426969,26291956,0.2373486458589306,1524829190132,361916143444,26291956,0.24170524431256019,44232260518,10691169335
26291957,0.23756209001581582,3147804159524,747798935097,26291957,0.23720076418602895,223981617451,53128610823,26291957,0.23715602244416017,1777931266967,421647107453,26291957,0.22993773977877519,19252903,4426969,26291957,0.2373486458589306,1524829190132,361916143444,26291957,0.24170524431256019,44232260518,10691169335
26291958,0.23756209001581582,3147804159524,747798935097,26291958,0.23720076418602895,223981617451,53128610823,26291958,0.23715602244416017,1777931266967,421647107453,26291958,0.22993773977877519,19252903,4426969,26291958,0.2373486458589306,1524829190132,361916143444,26291958,0.24170524431256019,44232260518,10691169335
26291960,0.23756209001581582,3147804159524,747798935097,26291960,0.23720076418602895,223981617451,53128610823,26291960,0.23715602244416017,1777931266967,421647107453,26291960,0.22993773977877519,19252903,4426969,26291960,0.2373486458589306,1524829190132,361916143444,26291960,0.24170524431256019,44232260518,10691169335
26291961,0.23756209001581582,3147804159524,747798935097,26291961,0.23720076418602895,223981617451,53128610823,26291961,0.23715602244416017,1777931266967,421647107453,26291961,0.22993773977877519,19252903,4426969,26291961,0.2373486458589306,1524829190132,361916143444,26291961,0.24170524431256019,44232260518,10691169335
26291962,0.23756209001581582,3147804159524,747798935097,26291962,0.23720076418602895,223981617451,53128610823,26291962,0.23715602244416017,1777931266967,421647107453,26291962,0.22993773977877519,19252903,4426969,26291962,0.2373486458589306,1524829190132,361916143444,26291962,0.24170524431256019,44232260518,10691169335
26291963,0.23756209001581582,3147804159524,747798935097,26291963,0.23720076418602895,223981617451,53128610823,26291963,0.23715602244416017,1777931266967,421647107453,26291963,0.22993773977877519,19252903,4426969,26291963,0.2373486458589306,1524829190132,361916143444,26291963,0.24170524431256019,44232260518,10691169335
26291964,0.23756209001581582,3147804159524,747798935097,26291964,0.23720076418602895,223981617451,53128610823,26291964,0.23715602244416017,1777931266967,421647107453,26291964,0.22993773977877519,19252903,4426969,26291964,0.2373486458589306,1524829190132,361916143444,26291964,0.24170524431256019,44232260518,10691169335
26291965,0.23756209001581582,3147804159524,747798935097,26291965,0.23720076418602895,223981617451,53128610823,26291965,0.23715602244416017,1777931266967,421647107453,26291965,0.22993773977877519,19252903,4426969,26291965,0.2373486458589306,1524829190132,361916143444,26291965,0.24170524431256019,44232260518,10691169335
26291966,0.23756209001581582,3147804159524,747798935097,26291966,0.23720076418602895,223981617451,53128610823,26291966,0.23715602244416017,1777931266967,421647107453,26291966,0.22993773977877519,19252903,4426969,26291966,0.2373486458589306,1524829190132,361916143444,26291966,0.24170524431256019,44232260518,10691169335
26291967,0.23756209001581582,3147804159524,747798935097,26291967,0.23720076418602895,223981617451,53128610823,26291967,0.23715546335388368,1730037187209,410287770752,26291967,0.22993773977877519,19252903,4426969,26291967,0.2373486458589306,1524829190132,361916143444,26291967,0.24170524431256019,44232260518,10691169335
26291969,0.23756209001581582,3147804159524,747798935097,26291969,0.23720076418602895,223981617451,53128610823,26291969,0.23715546335388368,1730037187209,410287770752,26291969,0.22993773977877519,19252903,4426969,26291969,0.2373486458589306,1524829190132,361916143444,26291969,0.24170524431256019,44232260518,10691169335
26291970,0.23756209001581582,3147804159524,747798935097,26291970,0.23720076418602895,223981617451,53128610823,26291970,0.23715546335388368,1730037187209,410287770752,26291970,0.22993773977877519,19252903,4426969,26291970,0.2373486458589306,1524829190132,361916143444,26291970,0.24170524431256019,44232260518,10691169335
26291971,0.23756209001581582,3147804159524,747798935097,26291971,0.23720076418602895,223981617451,53128610823,26291971,0.23715546335388368,1730037187209,410287770752,26291971,0.22993773977877519,19252903,4426969,26291971,0.2373486458589306,1524829190132,361916143444,26291971,0.24170524431256019,44232260518,10691169335
26291972,0.23756209001581582,3147804159524,747798935097,26291972,0.23720076418602895,223981617451,53128610823,26291972,0.23715546335388368,1730037187209,410287770752,26291972,0.22993773977877519,19252903,4426969,26291972,0.2373486458589306,1524829190132,361916143444,26291972,0.24170524431256019,44232260518,10691169335
26291973,0.23756209001581582,3147804159524,747798935097,26291973,0.23720076418602895,223981617451,53128610823,26291973,0.23715546335388368,1730037187209,410287770752,26291973,0.22993773977877519,19252903,4426969,26291973,0.2373486458589306,1524829190132,361916143444,26291973,0.24170524431256019,44232260518,10691169335
26291974,0.23756209001581582,3147804159524,747798935097,26291974,0.23720076418602895,223981617451,53128610823,26291974,0.23715546335388368,1730037187209,410287770752,26291974,0.22993773977877519,19252903,4426969,26291974,0.2373486458589306,1524829190132,361916143444,26291974,0.24170524431256019,44232260518,10691169335
26291975,0.23756209001581582,3147804159524,747798935097,26291975,0.23720076418602895,223981617451,53128610823,26291975,0.23715546335388368,1730037187209,410287770752,26291975,0.22993773977877519,19252903,4426969,26291975,0.2373486458589306,1524829190132,361916143444,26291975,0.24170524431256019,44232260518,10691169335
26291976,0.23756209001581582,3147804159524,747798935097,26291976,0.23720076418602895,223981617451,53128610823,26291976,0.23715546335388368,1730037187209,410287770752,26291976,0.22993773977877519,19252903,4426969,26291976,0.23734558555887483,1524839190132,361913850465,26291976,0.24170524431256019,44232260518,10691169335
26291977,0.23756209001581582,3147804159524,747798935097,26291977,0.23720076418602895,223981617451,53128610823,26291977,0.23715546335388368,1730037187209,410287770752,26291977,0.22993773977877519,19252903,4426969,26291977,0.23734558555887483,1524839190132,361913850465,26291977,0.24170524431256019,44232260518,10691169335
26291978,0.23756209001581582,3147804159524,747798935097,26291978,0.23720076418602895,223981617451,53128610823,26291978,0.23715546335388368,1730037187209,410287770752,26291978,0.22993773977877519,19252903,4426969,26291978,0.23734558555887483,1524839190132,361913850465,26291978,0.24170524431256019,44232260518,10691169335
26291979,0.2375637499517103,3147793167152,747801548861,26291979,0.23720076418602895,223981617451,53128610823,26291979,0.23715546335388368,1730037187209,410287770752,26291979,0.22993773977877519,19252903,4426969,26291979,0.23734558555887483,1524839190132,361913850465,26291979,0.24170524431256019,44232260518,10691169335
26291980,0.2375637499517103,3147793167152,747801548861,26291980,0.23720076418602895,223981617451,53128610823,26291980,0.23715546335388368,1730037187209,410287770752,26291980,0.22993773977877519,19252903,4426969,26291980,0.23734558555887483,1524839190132,361913850465,26291980,0.24170524431256019,44232260518,10691169335
26291981,0.2375637499517103,3147793167152,747801548861,26291981,0.23720076418602895,223981617451,53128610823,26291981,0.23715546335388368,1730037187209,410287770752,26291981,0.22993773977877519,19252903,4426969,26291981,0.23734558555887483,1524839190132,361913850465,26291981,0.24170524431256019,44232260518,10691169335
26291982,0.2375637499517103,3147793167152,747801548861,26291982,0.23720076418602895,223981617451,53128610823,26291982,0.23715546335388368,1730037187209,410287770752,26291982,0.22993773977877519,19252903,4426969,26291982,0.23734558555887483,1524839190132,361913850465,26291982,0.24170524431256019,44232260518,10691169335
26291983,0.2375637499517103,3147793167152,747801548861,26291983,0.23720076418602895,223981617451,53128610823,26291983,0.23715546335388368,1730037187209,410287770752,26291983,0.22993773977877519,19252903,4426969,26291983,0.23734558555887483,1524839190132,361913850465,26291983,0.24170524431256019,44232260518,10691169335
26291984,0.2375637499517103,3147793167152,747801548861,26291984,0.23720076418602895,223981617451,53128610823,26291984,0.23715546335388368,1730037187209,410287770752,26291984,0.22993773977877519,19252903,4426969,26291984,0.23734558555887483,1524839190132,361913850465,26291984,0.24170524431256019,44232260518,10691169335
26291985,0.2375637499517103,3147793167152,747801548861,26291985,0.23720076418602895,223981617451,53128610823,26291985,0.23715546335388368,1730037187209,410287770752,26291985,0.22993773977877519,19252903,4426969,26291985,0.23734558555887483,1524839190132,361913850465,26291985,0.24170524431256019,44232260518,10691169335
26291988,0.2375637499517103,3147793167152,747801548861,26291988,0.23720076418602895,223981617451,53128610823,26291988,0.23715546335388368,1730037187209,410287770752,26291988,0.22993773977877519,19252903,4426969,26291988,0.23734558555887483,1524839190132,361913850465,26291988,0.24170524431256019,44232260518,10691169335
26291989,0.2375637499517103,3147793167152,747801548861,26291989,0.23720076418602895,223981617451,53128610823,26291989,0.23715546335388368,1730037187209,410287770752,26291989,0.22993773977877519,19252903,4426969,26291989,0.23734558555887483,1524839190132,361913850465,26291989,0.24170524431256019,44232260518,10691169335
26291990,0.2375637499517103,3147793167152,747801548861,26291990,0.23720076418602895,223981617451,53128610823,26291990,0.23715546335388368,1730037187209,410287770752,26291990,0.22993773977877519,19252903,4426969,26291990,0.23734558555887483,1524839190132,361913850465,26291990,0.24170524431256019,44232260518,10691169335
26291991,0.2375637499517103,3147793167152,747801548861,26291991,0.23720076418602895,223981617451,53128610823,26291991,0.23715546335388368,1730037187209,410287770752,26291991,0.22993773977877519,19252903,4426969,26291991,0.23734558555887483,1524839190132,361913850465,26291991,0.24170524431256019,44232260518,10691169335
26291992,0.2375637499517103,3147793167152,747801548861,26291992,0.23720076418602895,223981617451,53128610823,26291992,0.23715546335388368,1730037187209,410287770752,26291992,0.22993773977877519,19252903,4426969,26291992,0.23734558555887483,1524839190132,361913850465,26291992,0.24170524431256019,44232260518,10691169335
26291993,0.2375637499517103,3147793167152,747801548861,26291993,0.23720076418602895,223981617451,53128610823,26291993,0.23715546335388368,1730037187209,410287770752,26291993,0.22993773977877519,19252903,4426969,26291993,0.23734558555887483,1524839190132,361913850465,26291993,0.24170524431256019,44232260518,10691169335
26291994,0.2375637499517103,3147793167152,747801548861,26291994,0.23720076418602895,223981617451,53128610823,26291994,0.23715546335388368,1730037187209,410287770752,26291994,0.22993773977877519,19252903,4426969,26291994,0.23734558555887483,1524839190132,361913850465,26291994,0.24170524431256019,44232260518,10691169335
26291995,0.23763927238595434,3147293167155,747920458228,26291995,0.23720076418602895,223981617451,53128610823,26291995,0.23715546335388368,1730037187209,410287770752,26291995,0.22993773977877519,19252903,4426969,26291995,0.23734558555887483,1524839190132,361913850465,26291995,0.24170524431256019,44232260518,10691169335
26291996,0.23763927238595434,3147293167155,747920458228,26291996,0.23720076418602895,223981617451,53128610823,26291996,0.23715546335388368,1730037187209,410287770752,26291996,0.22993773977877519,19252903,4426969,26291996,0.23734558555887483,1524839190132,361913850465,26291996,0.24170524431256019,44232260518,10691169335
26291997,0.2377148309494982,3146793167158,748039405764,26291997,0.23720076418602895,223981617451,53128610823,26291997,0.23715546335388368,1730037187209,410287770752,26291997,0.22993773977877519,19252903,4426969,26291997,0.23734558555887483,1524839190132,361913850465,26291997,0.24170524431256019,44232260518,10691169335
26291998,0.2377148309494982,3146793167158,748039405764,26291998,0.23720076418602895,223981617451,53128610823,26291998,0.23715546335388368,1730037187209,410287770752,26291998,0.22993773977877519,19252903,4426969,26291998,0.23734558555887483,1524839190132,361913850465,26291998,0.24170524431256019,44232260518,10691169335
26291999,0.2377148309494982,3146793167158,748039405764,26291999,0.23720076418602895,223981617451,53128610823,26291999,0.23715546335388368,1730037187209,410287770752,26291999,0.22993773977877519,19252903,4426969,26291999,0.23734558555887483,1524839190132,361913850465,26291999,0.24170524431256019,44232260518,10691169335
26292000,0.2377148309494982,3146793167158,748039405764,26292000,0.23720076418602895,223981617451,53128610823,26292000,0.23715546335388368,1730037187209,410287770752,26292000,0.22993773977877519,19252903,4426969,26292000,0.23734558555887483,1524839190132,361913850465,26292000,0.24170524431256019,44232260518,10691169335
26292001,0.2377148309494982,3146793167158,748039405764,26292001,0.23720076418602895,223981617451,53128610823,26292001,0.23715546335388368,1730037187209,410287770752,26292001,0.22993773977877519,19252903,4426969,26292001,0.23734558555887483,1524839190132,361913850465,26292001,0.24170524431256019,44232260518,10691169335
26292002,0.2377148309494982,3146793167158,748039405764,26292002,0.23720076418602895,223981617451,53128610823,26292002,0.23715546335388368,1730037187209,410287770752,26292002,0.22993773977877519,19252903,4426969,26292002,0.23734558555887483,1524839190132,361913850465,26292002,0.24170524431256019,44232260518,10691169335
26292003,0.2377148309494982,3146793167158,748039405764,26292003,0.23720076418602895,223981617451,53128610823,26292003,0.23715546335388368,1730037187209,410287770752,26292003,0.22993773977877519,19252903,4426969,26292003,0.23734558555887483,1524839190132,361913850465,26292003,0.24170524431256019,44232260518,10691169335
26292005,0.2377148309494982,3146793167158,748039405764,26292005,0.23720076418602895,223981617451,53128610823,26292005,0.23715546335388368,1730037187209,410287770752,26292005,0.22993773977877519,19252903,4426969,26292005,0.23734558555887483,1524839190132,361913850465,26292005,0.24170524431256019,44232260518,10691169335
26292006,0.2377148309494982,3146793167158,748039405764,26292006,0.23720076418602895,223981617451,53128610823,26292006,0.23715546335388368,1730037187209,410287770752,26292006,0.22993773977877519,19252903,4426969,26292006,0.23734558555887483,1524839190132,361913850465,26292006,0.24170524431256019,44232260518,10691169335
26292007,0.2377148309494982,3146793167158,748039405764,26292007,0.23720076418602895,223981617451,53128610823,26292007,0.23715546335388368,1730037187209,410287770752,26292007,0.22993773977877519,19252903,4426969,26292007,0.23734558555887483,1524839190132,361913850465,26292007,0.24170524431256019,44232260518,10691169335
26292008,0.2377148309494982,3146793167158,748039405764,26292008,0.23720076418602895,223981617451,53128610823,26292008,0.23715546335388368,1730037187209,410287770752,26292008,0.22993773977877519,19252903,4426969,26292008,0.23734558555887483,1524839190132,361913850465,26292008,0.24170524431256019,44232260518,10691169335
26292009,0.2377148309494982,3146793167158,748039405764,26292009,0.23720076418602895,223981617451,53128610823,26292009,0.23715546335388368,1730037187209,410287770752,26292009,0.22993773977877519,19252903,4426969,26292009,0.23734558555887483,1524839190132,361913850465,26292009,0.24170524431256019,44232260518,10691169335
26292010,0.2377148309494982,3146793167158,748039405764,26292010,0.23720076418602895,223981617451,53128610823,26292010,0.23715546335388368,1730037187209,410287770752,26292010,0.22993773977877519,19252903,4426969,26292010,0.23734558555887483,1524839190132,361913850465,26292010,0.24170524431256019,44232260518,10691169335
26292011,0.2377148309494982,3146793167158,748039405764,26292011,0.23720076418602895,223981617451,53128610823,26292011,0.23715546335388368,1730037187209,410287770752,26292011,0.22993773977877519,19252903,4426969,26292011,0.23734558555887483,1524839190132,361913850465,26292011,0.24170524431256019,44232260518,10691169335
26292012,0.2377148309494982,3146793167158,748039405764,26292012,0.23720076418602895,223981617451,53128610823,26292012,0.23715546335388368,1730037187209,410287770752,26292012,0.22993773977877519,19252903,4426969,26292012,0.23734558555887483,1524839190132,361913850465,26292012,0.24170524431256019,44232260518,10691169335
26292013,0.2377148309494982,3146793167158,748039405764,26292013,0.23720076418602895,223981617451,53128610823,26292013,0.23715546335388368,1730037187209,410287770752,26292013,0.22993773977877519,19252903,4426969,26292013,0.23734558555887483,1524839190132,361913850465,26292013,0.24170524431256019,44232260518,10691169335
26292014,0.2377148309494982,3146793167158,748039405764,26292014,0.23720076418602895,223981617451,53128610823,26292014,0.23715546335388368,1730037187209,410287770752,26292014,0.22993773977877519,19252903,4426969,26292014,0.23734558555887483,1524839190132,361913850465,26292014,0.24170524431256019,44232260518,10691169335
26292015,0.2377148309494982,3146793167158,748039405764,26292015,0.23720076418602895,223981617451,53128610823,26292015,0.23715546335388368,1730037187209,410287770752,26292015,0.22993773977877519,19252903,4426969,26292015,0.23734558555887483,1524839190132,361913850465,26292015,0.24170524431256019,44232260518,10691169335
26292016,0.2377148309494982,3146793167158,748039405764,26292016,0.23720076418602895,223981617451,53128610823,26292016,0.23715546335388368,1730037187209,410287770752,26292016,0.22993773977877519,19252903,4426969,26292016,0.23734558555887483,1524839190132,361913850465,26292016,0.24170524431256019,44232260518,10691169335
26292017,0.2377148309494982,3146793167158,748039405764,26292017,0.23720076418602895,223981617451,53128610823,26292017,0.23715546335388368,1730037187209,410287770752,26292017,0.22993773977877519,19252903,4426969,26292017,0.23734558555887483,1524839190132,361913850465,26292017,0.24170524431256019,44232260518,10691169335
26292018,0.2377148309494982,3146793167158,748039405764,26292018,0.23720076418602895,223981617451,53128610823,26292018,0.23715546335388368,1730037187209,410287770752,26292018,0.22993773977877519,19252903,4426969,26292018,0.23734558555887483,1524839190132,361913850465,26292018,0.24170524431256019,44232260518,10691169335
26292021,0.2377148309494982,3146793167158,748039405764,26292021,0.23720076418602895,223981617451,53128610823,26292021,0.23715546335388368,1730037187209,410287770752,26292021,0.22993773977877519,19252903,4426969,26292021,0.23734558555887483,1524839190132,361913850465,26292021,0.24170524431256019,44232260518,10691169335
26292022,0.2377148309494982,3146793167158,748039405764,26292022,0.23720076418602895,223981617451,53128610823,26292022,0.23715546335388368,1730037187209,410287770752,26292022,0.22993773977877519,19252903,4426969,26292022,0.23734558555887483,1524839190132,361913850465,26292022,0.24170524431256019,44232260518,10691169335
26292023,0.2377148309494982,3146793167158,748039405764,26292023,0.23720076418602895,223981617451,53128610823,26292023,0.23715546335388368,1730037187209,410287770752,26292023,0.22993773977877519,19252903,4426969,26292023,0.23734558555887483,1524839190132,361913850465,26292023,0.24170524431256019,44232260518,10691169335
26292024,0.2377148309494982,3146793167158,748039405764,26292024,0.23720076418602895,223981617451,53128610823,26292024,0.23715546335388368,1730037187209,410287770752,26292024,0.22993773977877519,19252903,4426969,26292024,0.23734558555887483,1524839190132,361913850465,26292024,0.24170524431256019,44232260518,10691169335
26292025,0.2377148309494982,3146793167158,748039405764,26292025,0.23720076418602895,223981617451,53128610823,26292025,0.23715546335388368,1730037187209,410287770752,26292025,0.22993773977877519,19252903,4426969,26292025,0.23734558555887483,1524839190132,361913850465,26292025,0.24170524431256019,44232260518,10691169335
26292026,0.2377148309494982,3146793167158,748039405764,26292026,0.23720076418602895,223981617451,53128610823,26292026,0.23715546335388368,1730037187209,410287770752,26292026,0.22993773977877519,19252903,4426969,26292026,0.23734558555887483,1524839190132,361913850465,26292026,0.24170524431256019,44232260518,10691169335
26292027,0.2377148309494982,3146793167158,748039405764,26292027,0.23720076418602895,223981617451,53128610823,26292027,0.23715546335388368,1730037187209,410287770752,26292027,0.22993773977877519,19252903,4426969,26292027,0.23734558555887483,1524839190132,361913850465,26292027,0.24170524431256019,44232260518,10691169335
26292028,0.2377148309494982,3146793167158,748039405764,26292028,0.23720076418602895,223981617451,53128610823,26292028,0.23715546335388368,1730037187209,410287770752,26292028,0.22993773977877519,19252903,4426969,26292028,0.23734558555887483,1524839190132,361913850465,26292028,0.24170524431256019,44232260518,10691169335
26292029,0.2377148309494982,3146793167158,748039405764,26292029,0.23720076418602895,223981617451,53128610823,26292029,0.23715546335388368,1730037187209,410287770752,26292029,0.22993773977877519,19252903,4426969,26292029,0.23734558555887483,1524839190132,361913850465,26292029,0.24170524431256019,44232260518,10691169335
26292030,0.2377148309494982,3146793167158,748039405764,26292030,0.23720076418602895,223981617451,53128610823,26292030,0.23715546335388368,1730037187209,410287770752,26292030,0.22993773977877519,19252903,4426969,26292030,0.23734558555887483,1524839190132,361913850465,26292030,0.24170524431256019,44232260518,10691169335
26292031,0.2377148309494982,3146793167158,748039405764,26292031,0.23720076418602895,223981617451,53128610823,26292031,0.23715546335388368,1730037187209,410287770752,26292031,0.22993773977877519,19252903,4426969,26292031,0.23734558555887483,1524839190132,361913850465,26292031,0.24170524431256019,44232260518,10691169335
26292032,0.2377148309494982,3146793167158,748039405764,26292032,0.23720076418602895,223981617451,53128610823,26292032,0.23715546335388368,1730037187209,410287770752,26292032,0.22993773977877519,19252903,4426969,26292032,0.23734558555887483,1524839190132,361913850465,26292032,0.24170524431256019,44232260518,10691169335
26292033,0.2384218683207587,3142125988792,749151548747,26292033,0.23720076418602895,223981617451,53128610823,26292033,0.23781521818656698,1727639468176,410858957072,26292033,0.22993773977877519,19252903,4426969,26292033,0.238655975278641,1520677184132,362918696463,26292033,0.24170524431256019,44232260518,10691169335
26292034,0.2385864877492449,3141042317835,749410254484,26292034,0.23720076418602895,223981617451,53128610823,26292034,0.23816107189634178,1726386526871,411158065747,26292034,0.22993773977877519,19252903,4426969,26292034,0.238655975278641,1520677184132,362918696463,26292034,0.2422483280283844,44182260518,10703078739
26292037,0.23859921663909914,3140958571874,749430254745,26292037,0.23720076418602895,223981617451,53128610823,26292037,0.23827675718995567,1725968036648,411258066786,26292037,0.22993773977877519,19252903,4426969,26292037,0.238655975278641,1520677184132,362918696463,26292037,0.2422483280283844,44182260518,10703078739
26292038,0.23867523083976958,3140458598807,749549681013,26292038,0.23720076418602895,223981617451,53128610823,26292038,0.23827675718995567,1725968036648,411258066786,26292038,0.22993773977877519,19252903,4426969,26292038,0.238655975278641,1520677184132,362918696463,26292038,0.2422483280283844,44182260518,10703078739
26292039,0.23876401457039623,3139874939144,749689145719,26292039,0.23720076418602895,223981617451,53128610823,26292039,0.23827675718995567,1725968036648,411258066786,26292039,0.22993773977877519,19252903,4426969,26292039,0.238655975278641,1520677184132,362918696463,26292039,0.2422483280283844,44182260518,10703078739
26292040,0.23876401457039623,3139874939144,749689145719,26292040,0.23720076418602895,223981617451,53128610823,26292040,0.23841530183741638,1725467253740,411377796111,26292040,0.22993773977877519,19252903,4426969,26292040,0.238655975278641,1520677184132,362918696463,26292040,0.2422483280283844,44182260518,10703078739
26292041,0.2388528188979838,3139291470641,749828617105,26292041,0.23720076418602895,223981617451,53128610823,26292041,0.23841530183741638,1725467253740,411377796111,26292041,0.22993773977877519,19252903,4426969,26292041,0.238655975278641,1520677184132,362918696463,26292041,0.2422483280283844,44182260518,10703078739
26292042,0.23901783823684536,3138208115148,750087719620,26292042,0.23720076418602895,223981617451,53128610823,26292042,0.23857709853229636,1724882976051,411517575734,26292042,0.22993773977877519,19252903,4426969,26292042,0.238655975278641,1520677184132,362918696463,26292042,0.24279327487948915,44132260518,10715016059
26292043,0.23901783823684536,3138208115148,750087719620,26292043,0.23720076418602895,223981617451,53128610823,26292043,0.23857709853229636,1724882976051,411517575734,26292043,0.22993773977877519,19252903,4426969,26292043,0.23859573830003045,1520869975195,362873094590,26292043,0.24279327487948915,44132260518,10715016059
26292044,0.23901783823684536,3138208115148,750087719620,26292044,0.23720076418602895,223981617451,53128610823,26292044,0.23857709853229636,1724882976051,411517575734,26292044,0.22993773977877519,19252903,4426969,26292044,0.23859573830003045,1520869975195,362873094590,26292044,0.24279327487948915,44132260518,10715016059
26292045,0.23901783823684536,3138208115148,750087719620,26292045,0.23720076418602895,223981617451,53128610823,26292045,0.23857709853229636,1724882976051,411517575734,26292045,0.22993773977877519,19252903,4426969,26292045,0.23859573830003045,1520869975195,362873094590,26292045,0.24279327487948915,44132260518,10715016059
26292046,0.23910676680656573,3137624763702,750227312701,26292046,0.23720076418602895,223981617451,53128610823,26292046,0.23860025346500968,1724799407899,411537575901,26292046,0.22993773977877519,19252903,4426969,26292046,0.2388315235114438,1520119975195,363052569596,26292046,0.24279327487948915,44132260518,10715016059
26292047,0.23910676680656573,3137624763702,750227312701,26292047,0.23720076418602895,223981617451,53128610823,26292047,0.23860025346500968,1724799407899,411537575901,26292047,0.22993773977877519,19252903,4426969,26292047,0.2388315235114438,1520119975195,363052569596,26292047,0.24279327487948915,44132260518,10715016059
26292048,0.23910676680656573,3137624763702,750227312701,26292048,0.23720076418602895,223981617451,53128610823,26292048,0.23860025346500968,1724799407899,411537575901,26292048,0.22993773977877519,19252903,4426969,26292048,0.23883137276347408,1520119975195,363052340441,26292048,0.24279327487948915,44132260518,10715016059
26292049,0.23910676680656573,3137624763702,750227312701,26292049,0.23720076418602895,223981617451,53128610823,26292049,0.23860025346500968,1724799407899,411537575901,26292049,0.22993773977877519,19252903,4426969,26292049,0.23883137276347408,1520119975195,363052340441,26292049,0.24279327487948915,44132260518,10715016059
26292050,0.23910676680656573,3137624763702,750227312701,26292050,0.23720076418602895,223981617451,53128610823,26292050,0.23860025346500968,1724799407899,411537575901,26292050,0.22993773977877519,19252903,4426969,26292050,0.23885765832724706,1520036423687,363072340734,26292050,0.24279327487948915,44132260518,10715016059
26292051,0.23910676680656573,3137624763702,750227312701,26292051,0.23720076418602895,223981617451,53128610823,26292051,0.23860025346500968,1724799407899,411537575901,26292051,0.22993773977877519,19252903,4426969,26292051,0.23888388047990253,1519953293364,363092340867,26292051,0.24279327487948915,44132260518,10715016059
26292052,0.23910676680656573,3137624763702,750227312701,26292052,0.23720076418602895,223981617451,53128610823,26292052,0.23860025346500968,1724799407899,411537575901,26292052,0.22993773977877519,19252903,4426969,26292052,0.23888388047990253,1519953293364,363092340867,26292052,0.24279327487948915,44132260518,10715016059
26292053,0.23918302855281626,3137124763705,750347001931,26292053,0.23720076418602895,223981617451,53128610823,26292053,0.23873906594046554,1724298676588,411657455451,26292053,0.22993773977877519,19252903,4426969,26292053,0.23888388047990253,1519953293364,363092340867,26292053,0.24279327487948915,44132260518,10715016059
26292056,0.23918302855281626,3137124763705,750347001931,26292056,0.23720076418602895,223981617451,53128610823,26292056,0.23873906594046554,1724298676588,411657455451,26292056,0.22993773977877519,19252903,4426969,26292056,0.23888388047990253,1519953293364,363092340867,26292056,0.24279327487948915,44132260518,10715016059
26292057,0.23918302855281626,3137124763705,750347001931,26292057,0.23720076418602895,223981617451,53128610823,26292057,0.23873906594046554,1724298676588,411657455451,26292057,0.22993773977877519,19252903,4426969,26292057,0.23888388047990253,1519953293364,363092340867,26292057,0.24279327487948915,44132260518,10715016059
26292058,0.23918302855281626,3137124763705,750347001931,26292058,0.23720076418602895,223981617451,53128610823,26292058,0.23873906594046554,1724298676588,411657455451,26292058,0.22993773977877519,19252903,4426969,26292058,0.23888388047990253,1519953293364,363092340867,26292058,0.24279327487948915,44132260518,10715016059
26292059,0.23918302855281626,3137124763705,750347001931,26292059,0.23720076418602895,223981617451,53128610823,26292059,0.23873906594046554,1724298676588,411657455451,26292059,0.22993773977877519,19252903,4426969,26292059,0.23888388047990253,1519953293364,363092340867,26292059,0.24279327487948915,44132260518,10715016059
26292060,0.23918302855281626,3137124763705,750347001931,26292060,0.23720076418602895,223981617451,53128610823,26292060,0.23873906594046554,1724298676588,411657455451,26292060,0.22993773977877519,19252903,4426969,26292060,0.23888388047990253,1519953293364,363092340867,26292060,0.24279327487948915,44132260518,10715016059
26292061,0.23918302855281626,3137124763705,750347001931,26292061,0.23720076418602895,223981617451,53128610823,26292061,0.23873906594046554,1724298676588,411657455451,26292061,0.22993773977877519,19252903,4426969,26292061,0.23888388047990253,1519953293364,363092340867,26292061,0.24279327487948915,44132260518,10715016059
26292062,0.23918302855281626,3137124763705,750347001931,26292062,0.23720076418602895,223981617451,53128610823,26292062,0.23873906594046554,1724298676588,411657455451,26292062,0.22993773977877519,19252903,4426969,26292062,0.23888388047990253,1519953293364,363092340867,26292062,0.24279327487948915,44132260518,10715016059
26292063,0.23918302855281626,3137124763705,750347001931,26292063,0.23720076418602895,223981617451,53128610823,26292063,0.23873906594046554,1724298676588,411657455451,26292063,0.22993773977877519,19252903,4426969,26292063,0.23888388047990253,1519953293364,363092340867,26292063,0.24279327487948915,44132260518,10715016059
26292064,0.23918302855281626,3137124763705,750347001931,26292064,0.23720076418602895,223981617451,53128610823,26292064,0.23873906594046554,1724298676588,411657455451,26292064,0.22993773977877519,19252903,4426969,26292064,0.23888388047990253,1519953293364,363092340867,26292064,0.24279327487948915,44132260518,10715016059
26292065,0.23918302855281626,3137124763705,750347001931,26292065,0.23720076418602895,223981617451,53128610823,26292065,0.23873906594046554,1724298676588,411657455451,26292065,0.22993773977877519,19252903,4426969,26292065,0.23888388047990253,1519953293364,363092340867,26292065,0.24279327487948915,44132260518,10715016059
26292069,0.23918302855281626,3137124763705,750347001931,26292069,0.23720076418602895,223981617451,53128610823,26292069,0.23873906594046554,1724298676588,411657455451,26292069,0.22993773977877519,19252903,4426969,26292069,0.23889189821561635,1519902280400,363092340867,26292069,0.24279327487948915,44132260518,10715016059
26292070,0.23918302855281626,3137124763705,750347001931,26292070,0.23720076418602895,223981617451,53128610823,26292070,0.23873906594046554,1724298676588,411657455451,26292070,0.22993773977877519,19252903,4426969,26292070,0.23889189821561635,1519902280400,363092340867,26292070,0.24279327487948915,44132260518,10715016059
26292071,0.23918302855281626,3137124763705,750347001931,26292071,0.23720076418602895,223981617451,53128610823,26292071,0.23873906594046554,1724298676588,411657455451,26292071,0.22993773977877519,19252903,4426969,26292071,0.23889189821561635,1519902280400,363092340867,26292071,0.24279327487948915,44132260518,10715016059
26292072,0.23918302855281626,3137124763705,750347001931,26292072,0.23720076418602895,223981617451,53128610823,26292072,0.23873906594046554,1724298676588,411657455451,26292072,0.22993773977877519,19252903,4426969,26292072,0.23889189821561635,1519902280400,363092340867,26292072,0.24279327487948915,44132260518,10715016059
26292073,0.23918302855281626,3137124763705,750347001931,26292073,0.23720076418602895,223981617451,53128610823,26292073,0.23873906594046554,1724298676588,411657455451,26292073,0.22993773977877519,19252903,4426969,26292073,0.23889189821561635,1519902280400,363092340867,26292073,0.24279327487948915,44132260518,10715016059
26292074,0.23918302855281626,3137124763705,750347001931,26292074,0.23720076418602895,223981617451,53128610823,26292074,0.23873906594046554,1724298676588,411657455451,26292074,0.22993773977877519,19252903,4426969,26292074,0.23889189821561635,1519902280400,363092340867,26292074,0.24279327487948915,44132260518,10715016059
26292075,0.23918302855281626,3137124763705,750347001931,26292075,0.23720076418602895,223981617451,53128610823,26292075,0.23873906594046554,1724298676588,411657455451,26292075,0.22993773977877519,19252903,4426969,26292075,0.23889189821561635,1519902280400,363092340867,26292075,0.24279327487948915,44132260518,10715016059
26292076,0.23918302855281626,3137124763705,750347001931,26292076,0.23720076418602895,223981617451,53128610823,26292076,0.23873906594046554,1724298676588,411657455451,26292076,0.22993773977877519,19252903,4426969,26292076,0.23889189821561635,1519902280400,363092340867,26292076,0.24279327487948915,44132260518,10715016059
26292077,0.2393356239800017,3136125011865,750586436594,26292077,0.23720076418602895,223981617451,53128610823,26292077,0.23873906594046554,1724298676588,411657455451,26292077,0.22993773977877519,19252903,4426969,26292077,0.23889189821561635,1519902280400,363092340867,26292077,0.24279327487948915,44132260518,10715016059
26292078,0.2393356239800017,3136125011865,750586436594,26292078,0.23720076418602895,223981617451,53128610823,26292078,0.23873906594046554,1724298676588,411657455451,26292078,0.22993773977877519,19252903,4426969,26292078,0.23889189821561635,1519902280400,363092340867,26292078,0.24279327487948915,44132260518,10715016059
26292079,0.2393356239800017,3136125011865,750586436594,26292079,0.23720076418602895,223981617451,53128610823,26292079,0.23873906594046554,1724298676588,411657455451,26292079,0.22993773977877519,19252903,4426969,26292079,0.23889189821561635,1519902280400,363092340867,26292079,0.24279327487948915,44132260518,10715016059
26292080,0.23942472162099832,3135541718655,750726203120,26292080,0.23720076418602895,223981617451,53128610823,26292080,0.23890120434895756,1723714355188,411797435408,26292080,0.22993773977877519,19252903,4426969,26292080,0.23915450729648371,1519068342871,363292041089,26292080,0.24279327487948915,44132260518,10715016059
26292081,0.23942472162099832,3135541718655,750726203120,26292081,0.23720076418602895,223981617451,53128610823,26292081,0.23890120434895756,1723714355188,411797435408,26292081,0.22993773977877519,19252903,4426969,26292081,0.23920714443335964,1518901294498,363332041333,26292081,0.24279327487948915,44132260518,10715016059
26292082,0.23942472162099832,3135541718655,750726203120,26292082,0.23720076418602895,223981617451,53128610823,26292082,0.23890120434895756,1723714355188,411797435408,26292082,0.22993773977877519,19252903,4426969,26292082,0.23920714443335964,1518901294498,363332041333,26292082,0.24279327487948915,44132260518,10715016059
26292083,0.23957758298563345,3134541745544,750965935165,26292083,0.23720076418602895,223981617451,53128610823,26292083,0.23908663406666056,1723046823923,411957465471,26292083,0.22993773977877519,19252903,4426969,26292083,0.23920714443335964,1518901294498,363332041333,26292083,0.24334009345142085,44082260518,10726981394
26292084,0.23965404614790004,3134041906626,751085823720,26292084,0.23720076418602895,223981617451,53128610823,26292084,0.23922587797025163,1722546067722,412077595395,26292084,0.22993773977877519,19252903,4426969,26292084,0.23944383386452983,1518151294498,363511966341,26292084,0.24334009345142085,44082260518,10726981394
26292085,0.23965404614790004,3134041906626,751085823720,26292085,0.23776029830189804,223718216611,53191309917,26292085,0.23922587797025163,1722546067722,412077595395,26292085,0.22993773977877519,19252903,4426969,26292085,0.23944383386452983,1518151294498,363511966341,26292085,0.24334009345142085,44082260518,10726981394
26292088,0.23965404614790004,3134041906626,751085823720,26292088,0.23790274026949879,223651310526,53207259639,26292088,0.23920733157661897,1722612940649,412061644872,26292088,0.22993773977877519,19252903,4426969,26292088,0.23944383386452983,1518151294498,363511966341,26292088,0.24334009345142085,44082260518,10726981394
26292089,0.23965404614790004,3134041906626,751085823720,26292089,0.23790274026949879,223651310526,53207259639,26292089,0.23920733157661897,1722612940649,412061644872,26292089,0.22993773977877519,19252903,4426969,26292089,0.23944383386452983,1518151294498,363511966341,26292089,0.24334009345142085,44082260518,10726981394
26292090,0.23965404614790004,3134041906626,751085823720,26292090,0.23790274026949879,223651310526,53207259639,26292090,0.23920733157661897,1722612940649,412061644872,26292090,0.22993773977877519,19252903,4426969,26292090,0.23944383386452983,1518151294498,363511966341,26292090,0.24334009345142085,44082260518,10726981394
26292091,0.23965404614790004,3134041906626,751085823720,26292091,0.23790274026949879,223651310526,53207259639,26292091,0.23920733157661897,1722612940649,412061644872,26292091,0.22993773977877519,19252903,4426969,26292091,0.23944383386452983,1518151294498,363511966341,26292091,0.24334009345142085,44082260518,10726981394
26292092,0.23965404614790004,3134041906626,751085823720,26292092,0.23790274026949879,223651310526,53207259639,26292092,0.23920733157661897,1722612940649,412061644872,26292092,0.22993773977877519,19252903,4426969,26292092,0.23944383386452983,1518151294498,363511966341,26292092,0.24334009345142085,44082260518,10726981394
26292093,0.23973056492134442,3133541944326,751205780518,26292093,0.23790274026949879,223651310526,53207259639,26292093,0.23934666860282128,1722112228585,412181824872,26292093,0.22993773977877519,19252903,4426969,26292093,0.23947010844101224,1518068241843,363531966495,26292093,0.24334009345142085,44082260518,10726981394
26292094,0.23973056492134442,3133541944326,751205780518,26292094,0.23790274026949879,223651310526,53207259639,26292094,0.23934666860282128,1722112228585,412181824872,26292094,0.22993773977877519,19252903,4426969,26292094,0.23947010844101224,1518068241843,363531966495,26292094,0.24334009345142085,44082260518,10726981394
26292095,0.23973056492134442,3133541944326,751205780518,26292095,0.23790274026949879,223651310526,53207259639,26292095,0.23934666860282128,1722112228585,412181824872,26292095,0.22993773977877519,19252903,4426969,26292095,0.23947010844101224,1518068241843,363531966495,26292095,0.24334009345142085,44082260518,10726981394
26292096,0.23973056492134442,3133541944326,751205780518,26292096,0.23790274026949879,223651310526,53207259639,26292096,0.23934666860282128,1722112228585,412181824872,26292096,0.22993773977877519,19252903,4426969,26292096,0.23947010844101224,1518068241843,363531966495,26292096,0.24334009345142085,44082260518,10726981394
26292097,0.23973056492134442,3133541944326,751205780518,26292097,0.23790274026949879,223651310526,53207259639,26292097,0.23934666860282128,1722112228585,412181824872,26292097,0.22993773977877519,19252903,4426969,26292097,0.23947010844101224,1518068241843,363531966495,26292097,0.24334009345142085,44082260518,10726981394
26292098,0.23973056492134442,3133541944326,751205780518,26292098,0.23790274026949879,223651310526,53207259639,26292098,0.23934666860282128,1722112228585,412181824872,26292098,0.22993773977877519,19252903,4426969,26292098,0.23947010844101224,1518068241843,363531966495,26292098,0.24334009345142085,44082260518,10726981394
26292099,0.23973056492134442,3133541944326,751205780518,26292099,0.23790274026949879,223651310526,53207259639,26292099,0.23934666860282128,1722112228585,412181824872,26292099,0.22993773977877519,19252903,4426969,26292099,0.23947010844101224,1518068241843,363531966495,26292099,0.24334009345142085,44082260518,10726981394
26292100,0.23973056492134442,3133541944326,751205780518,26292100,0.23790274026949879,223651310526,53207259639,26292100,0.23934666860282128,1722112228585,412181824872,26292100,0.22993773977877519,19252903,4426969,26292100,0.23947010844101224,1518068241843,363531966495,26292100,0.24334009345142085,44082260518,10726981394
26292101,0.23973056492134442,3133541944326,751205780518,26292101,0.23790274026949879,223651310526,53207259639,26292101,0.23934666860282128,1722112228585,412181824872,26292101,0.22993773977877519,19252903,4426969,26292101,0.23947010844101224,1518068241843,363531966495,26292101,0.24334009345142085,44082260518,10726981394
26292102,0.23973056492134442,3133541944326,751205780518,26292102,0.23790274026949879,223651310526,53207259639,26292102,0.23934666860282128,1722112228585,412181824872,26292102,0.22993773977877519,19252903,4426969,26292102,0.23947010844101224,1518068241843,363531966495,26292102,0.24334009345142085,44082260518,10726981394
26292103,0.23973056492134442,3133541944326,751205780518,26292103,0.23790274026949879,223651310526,53207259639,26292103,0.23934666860282128,1722112228585,412181824872,26292103,0.22993773977877519,19252903,4426969,26292103,0.23947010844101224,1518068241843,363531966495,26292103,0.24334009345142085,44082260518,10726981394
26292104,0.23973056492134442,3133541944326,751205780518,26292104,0.23790274026949879,223651310526,53207259639,26292104,0.23934666860282128,1722112228585,412181824872,26292104,0.22993773977877519,19252903,4426969,26292104,0.23947010844101224,1518068241843,363531966495,26292104,0.24334009345142085,44082260518,10726981394
26292105,0.23973056492134442,3133541944326,751205780518,26292105,0.23790274026949879,223651310526,53207259639,26292105,0.23934666860282128,1722112228585,412181824872,26292105,0.22993773977877519,19252903,4426969,26292105,0.23947010844101224,1518068241843,363531966495,26292105,0.24334009345142085,44082260518,10726981394
26292107,0.23973056492134442,3133541944326,751205780518,26292107,0.23790274026949879,223651310526,53207259639,26292107,0.23934666860282128,1722112228585,412181824872,26292107,0.22993773977877519,19252903,4426969,26292107,0.23947010844101224,1518068241843,363531966495,26292107,0.24334009345142085,44082260518,10726981394
26292108,0.23973056492134442,3133541944326,751205780518,26292108,0.23790274026949879,223651310526,53207259639,26292108,0.23934666860282128,1722112228585,412181824872,26292108,0.22993773977877519,19252903,4426969,26292108,0.23947010844101224,1518068241843,363531966495,26292108,0.24334009345142085,44082260518,10726981394
26292109,0.23973056492134442,3133541944326,751205780518,26292109,0.23790274026949879,223651310526,53207259639,26292109,0.23934666860282128,1722112228585,412181824872,26292109,0.22993773977877519,19252903,4426969,26292109,0.23947010844101224,1518068241843,363531966495,26292109,0.24334009345142085,44082260518,10726981394
26292110,0.23973056492134442,3133541944326,751205780518,26292110,0.23790274026949879,223651310526,53207259639,26292110,0.23934666860282128,1722112228585,412181824872,26292110,0.22993773977877519,19252903,4426969,26292110,0.23947010844101224,1518068241843,363531966495,26292110,0.24334009345142085,44082260518,10726981394
26292111,0.23973056492134442,3133541944326,751205780518,26292111,0.23790274026949879,223651310526,53207259639,26292111,0.23934666860282128,1722112228585,412181824872,26292111,0.22993773977877519,19252903,4426969,26292111,0.23947010844101224,1518068241843,363531966495,26292111,0.24334009345142085,44082260518,10726981394
26292112,0.23973056492134442,3133541944326,751205780518,26292112,0.23790274026949879,223651310526,53207259639,26292112,0.23934666860282128,1722112228585,412181824872,26292112,0.22993773977877519,19252903,4426969,26292112,0.23947010844101224,1518068241843,363531966495,26292112,0.24334009345142085,44082260518,10726981394
